imgUrl,item,price,system
http://placeimg.com/640/480,Unbranded Frozen Cheese,968.00,Industrial
http://placeimg.com/640/480,Handcrafted Soft Ball,733.00,Outdoors
http://placeimg.com/640/480,Fantastic Fresh Keyboard,283.00,Toys
http://placeimg.com/640/480,Ergonomic Frozen Pants,631.00,Garden
http://placeimg.com/640/480,Handmade Cotton Chicken,85.00,Games
http://placeimg.com/640/480,Licensed Cotton Pants,636.00,Clothing
http://placeimg.com/640/480,Tasty Rubber Salad,250.00,Health
http://placeimg.com/640/480,Handmade Cotton Gloves,224.00,Clothing
http://placeimg.com/640/480,Gorgeous Plastic Soap,97.00,Computers
http://placeimg.com/640/480,Intelligent Rubber Tuna,390.00,Movies
http://placeimg.com/640/480,Rustic Soft Table,154.00,Computers
http://placeimg.com/640/480,Incredible Rubber Mouse,767.00,Baby
http://placeimg.com/640/480,Small Rubber Chips,214.00,Kids
http://placeimg.com/640/480,Unbranded Plastic Sausages,760.00,Tools
http://placeimg.com/640/480,Practical Fresh Chair,549.00,Grocery
http://placeimg.com/640/480,Practical Metal Bike,721.00,Kids
http://placeimg.com/640/480,Sleek Granite Soap,246.00,Electronics
http://placeimg.com/640/480,Unbranded Plastic Car,917.00,Shoes
http://placeimg.com/640/480,Tasty Soft Towels,639.00,Sports
http://placeimg.com/640/480,Fantastic Rubber Pizza,101.00,Home
http://placeimg.com/640/480,Handmade Steel Ball,533.00,Sports
http://placeimg.com/640/480,Generic Cotton Hat,390.00,Garden
http://placeimg.com/640/480,Incredible Wooden Towels,888.00,Tools
http://placeimg.com/640/480,Small Granite Shirt,847.00,Books
http://placeimg.com/640/480,Small Wooden Table,673.00,Electronics
http://placeimg.com/640/480,Tasty Concrete Gloves,700.00,Tools
http://placeimg.com/640/480,Practical Soft Tuna,631.00,Toys
http://placeimg.com/640/480,Licensed Concrete Hat,230.00,Sports
http://placeimg.com/640/480,Ergonomic Rubber Table,641.00,Computers
http://placeimg.com/640/480,Incredible Wooden Chips,869.00,Kids
http://placeimg.com/640/480,Generic Soft Ball,120.00,Home
http://placeimg.com/640/480,Rustic Plastic Mouse,818.00,Computers
http://placeimg.com/640/480,Licensed Wooden Soap,194.00,Automotive
http://placeimg.com/640/480,Gorgeous Granite Salad,24.00,Books
http://placeimg.com/640/480,Intelligent Granite Pants,1000.00,Jewelery
http://placeimg.com/640/480,Rustic Wooden Pants,1.00,Clothing
http://placeimg.com/640/480,Generic Granite Bacon,298.00,Outdoors
http://placeimg.com/640/480,Ergonomic Metal Car,587.00,Games
http://placeimg.com/640/480,Awesome Soft Bike,294.00,Health
http://placeimg.com/640/480,Handcrafted Fresh Hat,134.00,Books
http://placeimg.com/640/480,Refined Metal Pizza,531.00,Shoes
http://placeimg.com/640/480,Refined Soft Soap,260.00,Automotive
http://placeimg.com/640/480,Ergonomic Rubber Pants,7.00,Kids
http://placeimg.com/640/480,Intelligent Frozen Pizza,486.00,Sports
http://placeimg.com/640/480,Ergonomic Granite Cheese,489.00,Computers
http://placeimg.com/640/480,Rustic Rubber Bike,597.00,Games
http://placeimg.com/640/480,Gorgeous Wooden Shoes,215.00,Automotive
http://placeimg.com/640/480,Handmade Fresh Pizza,745.00,Shoes
http://placeimg.com/640/480,Fantastic Plastic Pants,31.00,Electronics
http://placeimg.com/640/480,Handcrafted Plastic Fish,515.00,Industrial
http://placeimg.com/640/480,Gorgeous Rubber Towels,710.00,Automotive
http://placeimg.com/640/480,Generic Fresh Tuna,850.00,Movies
http://placeimg.com/640/480,Licensed Cotton Shoes,33.00,Garden
http://placeimg.com/640/480,Gorgeous Metal Ball,653.00,Music
http://placeimg.com/640/480,Rustic Plastic Bacon,107.00,Home
http://placeimg.com/640/480,Generic Frozen Chips,166.00,Baby
http://placeimg.com/640/480,Handcrafted Frozen Soap,323.00,Kids
http://placeimg.com/640/480,Handmade Metal Shirt,887.00,Books
http://placeimg.com/640/480,Tasty Fresh Pizza,991.00,Music
http://placeimg.com/640/480,Handmade Steel Bike,873.00,Clothing
http://placeimg.com/640/480,Small Steel Chips,372.00,Shoes
http://placeimg.com/640/480,Generic Metal Cheese,200.00,Clothing
http://placeimg.com/640/480,Sleek Plastic Pizza,939.00,Movies
http://placeimg.com/640/480,Fantastic Frozen Table,614.00,Garden
http://placeimg.com/640/480,Handcrafted Metal Table,416.00,Computers
http://placeimg.com/640/480,Tasty Soft Sausages,534.00,Movies
http://placeimg.com/640/480,Handmade Fresh Shoes,632.00,Health
http://placeimg.com/640/480,Handcrafted Plastic Chicken,62.00,Books
http://placeimg.com/640/480,Licensed Fresh Soap,675.00,Computers
http://placeimg.com/640/480,Gorgeous Granite Shoes,268.00,Garden
http://placeimg.com/640/480,Handmade Fresh Towels,130.00,Jewelery
http://placeimg.com/640/480,Small Metal Soap,245.00,Toys
http://placeimg.com/640/480,Refined Wooden Shoes,545.00,Electronics
http://placeimg.com/640/480,Incredible Granite Gloves,307.00,Tools
http://placeimg.com/640/480,Handmade Cotton Gloves,474.00,Tools
http://placeimg.com/640/480,Licensed Cotton Mouse,672.00,Electronics
http://placeimg.com/640/480,Intelligent Wooden Pizza,160.00,Games
http://placeimg.com/640/480,Fantastic Soft Bike,257.00,Toys
http://placeimg.com/640/480,Generic Plastic Bike,228.00,Books
http://placeimg.com/640/480,Unbranded Cotton Fish,573.00,Health
http://placeimg.com/640/480,Refined Frozen Salad,964.00,Industrial
http://placeimg.com/640/480,Incredible Rubber Salad,424.00,Kids
http://placeimg.com/640/480,Small Wooden Ball,669.00,Movies
http://placeimg.com/640/480,Fantastic Concrete Sausages,322.00,Books
http://placeimg.com/640/480,Sleek Rubber Hat,951.00,Home
http://placeimg.com/640/480,Intelligent Cotton Cheese,615.00,Clothing
http://placeimg.com/640/480,Handmade Soft Car,299.00,Industrial
http://placeimg.com/640/480,Handcrafted Granite Tuna,450.00,Industrial
http://placeimg.com/640/480,Incredible Granite Shirt,902.00,Baby
http://placeimg.com/640/480,Awesome Rubber Chips,898.00,Sports
http://placeimg.com/640/480,Unbranded Rubber Car,564.00,Toys
http://placeimg.com/640/480,Licensed Plastic Table,899.00,Beauty
http://placeimg.com/640/480,Awesome Concrete Fish,948.00,Grocery
http://placeimg.com/640/480,Ergonomic Wooden Shirt,895.00,Beauty
http://placeimg.com/640/480,Ergonomic Rubber Fish,138.00,Games
http://placeimg.com/640/480,Refined Plastic Car,134.00,Tools
http://placeimg.com/640/480,Refined Granite Pants,26.00,Games
http://placeimg.com/640/480,Licensed Wooden Ball,448.00,Grocery
http://placeimg.com/640/480,Handmade Soft Cheese,45.00,Jewelery
http://placeimg.com/640/480,Gorgeous Plastic Salad,830.00,Home
